,Features,decision tree,random forest,xgboost
0,Has_ST_No,0.021702271956595454,0.023875609784280435,0.017094018
1,Has_ST_Yes,0.0,0.014839281139592857,0.0
2,HP,0.129690422663116,0.20257413548202777,0.13675214
3,Attack,0.14083345773471087,0.11911110810579083,0.23076923
4,Defense,0.21520360094181248,0.11696065971311433,0.102564104
5,Special_attack,0.1930181506665953,0.26671552075958743,0.23717949
6,Special_defense,0.027902921087051308,0.0998982026403936,0.03846154
7,Speed,0.27164917495011853,0.1560254823752127,0.23717949
