,Features,decision tree,random forest,xgboost
0,Has_ST_No,0.03699749459059333,0.018714133231163537,0.015625
1,Has_ST_Yes,0.0,0.01707024283869872,0.0
2,HP,0.15029240139417036,0.10049412793717408,0.19196428
3,Attack,0.19208699218521574,0.1408068023514209,0.22544643
4,Defense,0.07341004855524845,0.12753163778694732,0.118303575
5,Special_attack,0.02279597182227861,0.17808096268853887,0.15401785
6,Special_defense,0.27280475179351915,0.22074178558963412,0.08258928
7,Speed,0.2516123396589743,0.19656030757642243,0.21205357
